<?xml version="1.0"?>
<doc>
    <assembly>
        <name>VPBANK.RMD.API.Internal.IFRS9</name>
    </assembly>
    <members>
        <member name="M:VPBANK.RMD.API.Internal.IFRS9.Controllers.Conf.Apr.IfrsILLPReqController.QueryByTaskExecution(System.Int32,VPBANK.RMD.Utils.Common.Helpers.Paging.PaginatedInputModel)">
            <summary>
            Post list all ILLPs request with filter, sort, paging.
            </summary>
            <param name="fk_Task_Execution_Id"></param>
            <param name="paginatedParams"></param>
            <returns>Paginated dynamic</returns>
        </member>
        <member name="M:VPBANK.RMD.API.Internal.IFRS9.Controllers.Conf.Apr.IfrsStagingReqController.QueryByTaskExecution(System.Int32,VPBANK.RMD.Utils.Common.Helpers.Paging.PaginatedInputModel)">
            <summary>
            Post list all Staging request with filter, sort, paging.
            </summary>
            <param name="fk_Task_Execution_Id"></param>
            <param name="paginatedParams"></param>
            <returns>Paginated dynamic</returns>
        </member>
        <member name="M:VPBANK.RMD.API.Internal.IFRS9.Controllers.Conf.Apr.RequestProcessController.ValidApprove(VPBANK.RMD.EFCore.Entities.Commons.IfrsDataApr)">
            <summary>
            Validate Approve/Reject existed request.
            Approve (Request_action = 7)
            Reject (Request_action = 9)
            </summary>
            <remarks>
            </remarks>
            <param name="req"></param>
            <returns>A newly approved/rejected request</returns>
        </member>
        <member name="M:VPBANK.RMD.API.Internal.IFRS9.Controllers.Conf.Apr.ViewIfrsDataInitialResultController.QueryByFlowExecutionId(System.Int32)">
            <summary>
            Query by flow_execution_id
            </summary>
            <param name="fk_Flow_Execution_Id"></param>
        </member>
        <member name="M:VPBANK.RMD.API.Internal.IFRS9.Controllers.Conf.Apr.ViewIfrsDataInitialResultController.SendReq(VPBANK.RMD.EFCore.Entities.Commons.DataReq{VPBANK.RMD.Utils.Common.Datas.FileUploadReq})">
            <summary>
            Create new or updated request for upload files.
            </summary>
            <remarks>
            </remarks>
            <param name="fileUpload"></param>
            <returns>A newly created or updated request upload files</returns>
        </member>
        <member name="M:VPBANK.RMD.API.Internal.IFRS9.Controllers.Conf.Apr.ViewIfrsDataInitialResultController.UpdReq(System.Int32,VPBANK.RMD.EFCore.Entities.Commons.DataReq{VPBANK.RMD.Utils.Common.Datas.FileUploadReq})">
            <summary>
            Update existing request for upload files.
            Update PAYLOAD for request object from API 1
            </summary>
            <remarks>
            </remarks>
            <param name="reqId"></param>
            <param name="fileUpload"></param>
            <returns>A newly created request upload files</returns>
        </member>
        <member name="M:VPBANK.RMD.API.Internal.IFRS9.Controllers.Conf.Apr.ViewIfrsDataInitialResultController.AprReq(System.Int32,VPBANK.RMD.Utils.Common.Datas.ApproveStatusReq)">
            <summary>
            Approve existing files upload request.
            Transfer file using FTP service
            </summary>
            <remarks>
            </remarks>
            <param name="reqId"></param>
            <param name="approveStatusReq"></param>
            <returns>A newly approve request upload files</returns>
        </member>
        <member name="M:VPBANK.RMD.API.Internal.IFRS9.Controllers.Conf.Apr.ViewIfrsDataValidationResultController.QueryByFlowExecutionId(System.Int32,VPBANK.RMD.Utils.Common.Helpers.Paging.PaginatedInputModel)">
            <summary>
            Post list all records with filter, sort, paging.
            </summary>
            <param name="fk_Flow_Execution_Id"></param>
            <param name="paginatedParams"></param>
            <returns>Paginated dynamic</returns>
        </member>
        <member name="M:VPBANK.RMD.API.Internal.IFRS9.Controllers.Conf.Apr.ViewIfrsDataValidationResultController.DownloadValidationRuleResult(System.Int32,System.String,System.Int32)">
            <summary>
            Download file Validation rules results by Excel(.xlsx, .xls)
            </summary>
            <param name="fk_Task_Execution_Id"></param>
            <param name="validation_Rule"></param>
            <param name="fail_Record"></param>
            <returns></returns>
        </member>
        <!-- Badly formed XML comment ignored for member "M:VPBANK.RMD.API.Internal.IFRS9.Controllers.Conf.Apr.WrittenOffUploadController.FindAllWrittenOffFileUploadByTaskExecution(System.Int32,VPBANK.RMD.Utils.Common.Helpers.Paging.PaginatedInputModel)" -->
        <!-- Badly formed XML comment ignored for member "M:VPBANK.RMD.API.Internal.IFRS9.Controllers.Conf.Apr.WrittenOffUploadController.Validate(System.Int32,System.String)" -->
        <member name="M:VPBANK.RMD.API.Internal.IFRS9.Controllers.Conf.Apr.WrittenOffUploadController.ImportFile(System.Int32,System.String,System.String,System.Byte[])">
            <summary>
            Data file import by binary Excel(.xlsx, .xls)
            </summary>
            <param name="fk_Task_Execution_Id"></param>
            <param name="fileConvName"></param>
            <param name="fileName"></param>
            <param name="fileContent">file input: excel stream</param>
            <returns></returns>
        </member>
        <member name="M:VPBANK.RMD.API.Internal.IFRS9.Controllers.Conf.Apr.WrittenOffUploadController.WoCalculation(System.Int32)">
            <summary>
            Calc Adjust for.
            </summary>
            <remarks>
            </remarks>
            <param name="fk_Task_Execution_Id"></param>
            <returns></returns>
        </member>
        <member name="M:VPBANK.RMD.API.Internal.IFRS9.Controllers.Conf.Apr.IfrsIllpEclResultController.FindIllpEclResultByBusinessDate(System.Int32,VPBANK.RMD.Utils.Common.Helpers.Paging.PaginatedInputModel)">
            <summary>
            Find all ILLPs results by Fk_Task_Execution_Id
            </summary>
            <param name="fk_Task_Execution_Id"></param>
            <param name="paginatedParams"></param>
            <returns></returns>
        </member>
        <member name="M:VPBANK.RMD.API.Internal.IFRS9.Controllers.Conf.Apr.IfrsPLLPDetailController.FindCustomerInfo(System.String)">
            <summary>
            Get customer_info from Cust_data
            </summary>
            <param name="customer_Id"></param>
            <returns></returns>
        </member>
        <member name="M:VPBANK.RMD.API.Internal.IFRS9.Controllers.Conf.Apr.IfrsPLLPDetailController.FindAllContractPLLPsByCustomerId(VPBANK.RMD.Services.IFRS9_Data.DataTransferObjects.PLLPResultDto)">
            <summary>
            Find all PLLPs by customer_id, business_date
            </summary>
            <param name="pllpResultDto"></param>
            <returns></returns>
        </member>
        <member name="M:VPBANK.RMD.API.Internal.IFRS9.Controllers.Conf.Apr.IfrsPllpEclResultController.FindEclResult(System.Int32,System.String)">
            <summary>
            Find ECL final result by customer_id (store procedure)
            </summary>
            <param name="fk_Task_Execution_Id"></param>
            <param name="customer_Id"></param>
            <returns></returns>
        </member>
        <member name="M:VPBANK.RMD.API.Internal.IFRS9.Controllers.Conf.Apr.IfrsPllpEclResultController.QueryByTaskExecution(System.Int32,VPBANK.RMD.Utils.Common.Helpers.Paging.PaginatedInputModel)">
            <summary>
            Find ECL final result by customer_id (from view) with filter, sort, paging.
            </summary>
            <param name="fk_Task_Execution_Id"></param>
            <param name="paginatedParams"></param>
            <returns>Paginated dynamic</returns>
        </member>
        <member name="M:VPBANK.RMD.API.Internal.IFRS9.Controllers.Conf.BCL.ConfLuIfrsStageController.GuiFindAllStates">
            <summary>
            List all state ifrs by combobox
            </summary>
            <returns>IEnumerable</returns>
        </member>
        <member name="M:VPBANK.RMD.API.Internal.IFRS9.Controllers.Conf.BCL.ConfLuIfrsStatusLevelController.FindAllForDropdown">
            <summary>
            List all record by combobox
            </summary>
            <returns>IEnumerable</returns>
        </member>
        <member name="M:VPBANK.RMD.API.Internal.IFRS9.Controllers.Conf.BCL.ConfLuManualUploadController.GuiManualUploadFiles">
            <summary>
            List all record by combobox
            </summary>
            <returns>IEnumerable</returns>
        </member>
        <member name="M:VPBANK.RMD.API.Internal.IFRS9.Controllers.Conf.BCL.ConfLuValidationController.GuiValidationRules">
            <summary>
            List all record by combobox
            </summary>
            <returns>IEnumerable</returns>
        </member>
        <member name="M:VPBANK.RMD.API.Internal.IFRS9.Controllers.Conf.BCL.ConfLuValidationTypeController.GetValidationTypeDropdown">
            <summary>
            List all record by combobox
            </summary>
            <returns>IEnumerable</returns>
        </member>
        <member name="M:VPBANK.RMD.API.Internal.IFRS9.Controllers.Conf.BCL.ConfLuValidationTypeController.FindTypeName(System.Int32)">
            <summary>
            Find LU validation type name by Lu validation
            </summary>
            <param name="luValidationId"></param>
            <returns></returns>
        </member>
        <member name="M:VPBANK.RMD.API.Internal.IFRS9.Controllers.Conf.BCL.ConfMpCashflowRightController.Validate(VPBANK.RMD.Data.IFRS9_Conf.Entities.BCL.ConfMpCashflowRightRequestable)">
            <summary>
            Validate for entity.
            </summary>
            <param name="entity"></param>
            <returns></returns>
        </member>
        <member name="M:VPBANK.RMD.API.Internal.IFRS9.Controllers.Conf.BCL.ConfMpUploadRightController.Validate(VPBANK.RMD.Data.IFRS9_Conf.Entities.BCL.ConfMpUploadRightRequestable)">
            <summary>
            Validate for entity.
            </summary>
            <param name="entity"></param>
            <returns></returns>
        </member>
        <member name="M:VPBANK.RMD.API.Internal.IFRS9.Controllers.Conf.BCL.LuBusinessUnitController.GuiBusinessUnitCodes">
            <summary>
            List all record by combobox
            </summary>
            <returns>IEnumerable</returns>
        </member>
        <member name="M:VPBANK.RMD.API.Internal.IFRS9.Controllers.Conf.BCL.ViewMpAccountBusinessUnitController.FindAllUsersNonBusinessUnit">
            <summary>
            Get all usernames not be grant Business Unit (selected_item)
            </summary>
            <returns></returns>
        </member>
        <member name="M:VPBANK.RMD.API.Internal.IFRS9.Controllers.Conf.BCL.ViewMpAccountBusinessUnitController.Req(VPBANK.RMD.EFCore.Entities.Commons.DataReq{VPBANK.RMD.Data.IFRS9_Conf.Views.BCL.ViewMpAccountBusinessUnitRequestable})">
            <summary>
            Create new or update request.
            </summary>
            <remarks>
            </remarks>
            <param name="req"></param>
            <returns>A newly created or updated request</returns>
        </member>
        <member name="M:VPBANK.RMD.API.Internal.IFRS9.Controllers.Conf.BCL.ViewMpAccountBusinessUnitController.Apr(System.Int32,VPBANK.RMD.Utils.Common.Datas.ApproveStatusReq)">
            <summary>
            Approve existed request.
            </summary>
            <remarks>
            </remarks>
            <param name="reqId"></param>
            <param name="approveStatusReq"></param>
            <returns>A newly approved request</returns>
        </member>
        <member name="M:VPBANK.RMD.API.Internal.IFRS9.Controllers.Conf.BCL.ViewMpAccountBusinessUnitController.Validate(VPBANK.RMD.Data.IFRS9_Conf.Views.BCL.ViewMpAccountBusinessUnitRequestable)">
            <summary>
            Validate for entity.
            </summary>
            <param name="entity"></param>
            <returns></returns>
        </member>
        <member name="M:VPBANK.RMD.API.Internal.IFRS9.Controllers.Conf.Core.MpGlIfrs9Controller.GuiStatementTypes">
            <summary>
            Get statemetn type for dropdown_list
            </summary>
            <returns></returns>
        </member>
        <member name="M:VPBANK.RMD.API.Internal.IFRS9.Controllers.Conf.Wfs.FlowController.GuiWorkFlow(System.Nullable{System.Boolean})">
            <summary>
            Get Gui
            </summary>
            <param name="hasAll"></param>
            <returns></returns>
        </member>
        <member name="M:VPBANK.RMD.API.Internal.IFRS9.Controllers.Conf.Wfs.FlowController.GuilFlowComboBox(System.Int32)">
            <summary>
            Get for dropdownlist
            </summary>
            <param name="flowId"></param>
            <returns></returns>
        </member>
        <member name="M:VPBANK.RMD.API.Internal.IFRS9.Controllers.Conf.Wfs.FlowController.FindDetailsByFlowId(System.Int32)">
            <summary>
            Get Flow_Flow_Step details
            </summary>
            <param name="flowId"></param>
            <returns></returns>
        </member>
        <member name="M:VPBANK.RMD.API.Internal.IFRS9.Controllers.Conf.Wfs.FlowController.CreateFlowDetails(VPBANK.RMD.Services.IFRS9_Conf.DataTransferObjects.Wfs.FlowTaskStepsDto)">
            <summary>
            Create new record.
            </summary>
            <remarks>
            </remarks>
            <param name="data"></param>
            <returns>A newly created object</returns>
            <response code="201">Returns the newly created entity</response>
            <response code="400">If the entity is null</response>
        </member>
        <member name="M:VPBANK.RMD.API.Internal.IFRS9.Controllers.Conf.Wfs.FlowController.UpdateFlowDetails(System.Int32,VPBANK.RMD.Services.IFRS9_Conf.DataTransferObjects.Wfs.FlowTaskStepsDto)">
            <summary>
            Update exists record.
            </summary>
            <remarks></remarks>
            <param name="pk_Id"></param>
            <param name="data"></param>
            <returns>A newly updated object</returns>
            <response code="200">Returns OK</response>
            <response code="400">If the item is null</response>
            <response code="404">The item is not found</response>
        </member>
        <member name="M:VPBANK.RMD.API.Internal.IFRS9.Controllers.Conf.Wfs.FlowController.DeleteFlowDetails(System.Int32)">
            <summary>
            Delete record.
            </summary>
            <param name="pk_Id"></param>
            <returns></returns>
        </member>
        <member name="M:VPBANK.RMD.API.Internal.IFRS9.Controllers.Conf.Wfs.FlowExecutionController.FlowExecutionProcess(System.Int32,VPBANK.RMD.Services.IFRS9_Conf.DataTransferObjects.Wfs.FlowExecutionDto)">
            <summary>
            Execute flow_1 (Data_Validation).
            </summary>
            <remarks>
            </remarks>
            <param name="flowActionTypeId">Execute (1) | Resume (6) | Continue (20) | Finish (21)</param>
            <param name="data"></param>
            <returns>A newly created object</returns>
            <response code="201">Returns the newly created entity</response>
            <response code="400">If the entity is null</response>
        </member>
        <member name="M:VPBANK.RMD.API.Internal.IFRS9.Controllers.Conf.Wfs.FlowExecutionController.EclCalculationFinish(System.Int32,VPBANK.RMD.Services.IFRS9_Conf.DataTransferObjects.Wfs.FlowExecutionEclCalcDto)">
            <summary>
            Finish flow_2 (ECL_Calculation) on staging task. (only finish staging action)
            </summary>
            <remarks>
            </remarks>
            <param name="flowActionTypeId">Finish (21)</param>
            <param name="data"></param>
            <returns>A newly created object</returns>
        </member>
        <member name="M:VPBANK.RMD.API.Internal.IFRS9.Controllers.Conf.Wfs.FlowExecutionController.EclCalculationFinishTaskEdit(System.Int32,VPBANK.RMD.Services.IFRS9_Conf.DataTransferObjects.Wfs.FlowExecutionEclCalcDto)">
            <summary>
            Finish flow_2 (ECL_Calculation) on edit task. (only finish task edit)
            </summary>
            <remarks>
            </remarks>
            <param name="flowActionTypeId">Finish (21)</param>
            <param name="data"></param>
            <returns>A newly created object</returns>
        </member>
        <member name="M:VPBANK.RMD.API.Internal.IFRS9.Controllers.Conf.Wfs.FlowExecutionController.EclCalculationFinishTaskCashflow(System.Int32,VPBANK.RMD.Services.IFRS9_Conf.DataTransferObjects.Wfs.FlowExecutionEclCalcDto)">
            <summary>
            Finish flow_2 (ECL_Calculation) on Cashflow task. (only finish task ILLP Cashflow)
            </summary>
            <remarks>
            </remarks>
            <param name="flowActionTypeId">Finish (21)</param>
            <param name="data"></param>
            <returns>A newly created object</returns>
        </member>
        <member name="M:VPBANK.RMD.API.Internal.IFRS9.Controllers.Conf.Wfs.FlowExecutionController.EclCalculationFinishTaskEclResult(System.Int32,VPBANK.RMD.Services.IFRS9_Conf.DataTransferObjects.Wfs.FlowExecutionEclCalcDto)">
            <summary>
            Finish flow_2 (ECL_Calculation) on ECL result task. (only finish task ECL result)
            </summary>
            <remarks>
            </remarks>
            <param name="flowActionTypeId">Finish (21)</param>
            <param name="data"></param>
            <returns>A newly created object</returns>
        </member>
        <member name="M:VPBANK.RMD.API.Internal.IFRS9.Controllers.Conf.Wfs.FlowExecutionController.EclCalculationBackTaskEclResult(System.Int32,VPBANK.RMD.Services.IFRS9_Conf.DataTransferObjects.Wfs.FlowExecutionEclCalcDto)">
            <summary>
            Back to CF flow_2 (ECL_Calculation) on ECL result task. (only back task ECL result)
            </summary>
            <remarks>
            </remarks>
            <param name="flowActionTypeId">Back (10)</param>
            <param name="data"></param>
            <returns>A newly created object</returns>
        </member>
        <member name="M:VPBANK.RMD.API.Internal.IFRS9.Controllers.Conf.Wfs.FlowStepExecutionController.FindAllByFlowExecutionId(System.Int32)">
            <summary>
            Get all flow_step_executions by fk_Flow_Execution_Id
            </summary>
            <param name="fk_Flow_Execution_Id">0: Get All</param>
            <returns></returns>
        </member>
        <member name="M:VPBANK.RMD.API.Internal.IFRS9.Controllers.Conf.Wfs.FlowStepExecutionController.GuiFindAllExecutions(System.Int32)">
            <summary>
            Get all flow_executions by fk_Flow_Execution_Id for gui_ui
            </summary>
            <param name="fk_Flow_Execution_Id"></param>
            <returns></returns>
        </member>
        <member name="M:VPBANK.RMD.API.Internal.IFRS9.Controllers.Conf.Wfs.FlowStepExecutionController.GuiFindAllTaskExecutions(System.Int32)">
            <summary>
            Get all flow_step_executions by execution_id for gui_ui
            </summary>
            <param name="fk_Flow_Execution_Id"></param>
            <returns></returns>
        </member>
        <member name="M:VPBANK.RMD.API.Internal.IFRS9.Controllers.Conf.Wfs.FlowStepExecutionController.CheckTaskExecutionAvaiableUpd(System.Int32)">
            <summary>
            Check avaiable action in task by task_execution_id
            </summary>
            <param name="fk_Task_Execution_Id"></param>
            <returns></returns>
        </member>
        <member name="M:VPBANK.RMD.API.Internal.IFRS9.Controllers.Conf.Wfs.FlowStepExecutionController.TaskAdjustAsync(System.Int32,VPBANK.RMD.Services.IFRS9_Conf.DataTransferObjects.Wfs.TaskStepExecutionDto)">
            <summary>
            Execute and adjust task_step_execution flow.
            </summary>
            <remarks>
            </remarks>
            <param name="taskActionTypeId">TERMINATED: 2, PAUSE: 5, RESUME: 6</param>
            <param name="data"></param>
            <returns>A newly created object</returns>
            <response code="201">Returns the newly created entity</response>
            <response code="400">If the entity is null</response>
        </member>
        <member name="M:VPBANK.RMD.API.Internal.IFRS9.Controllers.Conf.Wfs.TaskController.GetTaskDropdownBox">
            <summary>
            Get Task to drop_box
            </summary>
            <returns></returns>
        </member>
        <member name="M:VPBANK.RMD.API.Internal.IFRS9.Controllers.Conf.Wfs.TaskController.Query(VPBANK.RMD.Utils.Common.Helpers.Paging.PaginatedInputModel)">
            <summary>
            Post list all records with filter, sort, paging.
            </summary>
            <param name="paginatedParams"></param>
            <returns>Paginated dynamic</returns>
        </member>
        <member name="M:VPBANK.RMD.API.Internal.IFRS9.Controllers.Conf.Wfs.TaskController.Create(VPBANK.RMD.Data.IFRS9_Conf.Entities.WF.Task)">
            <summary>
            Create new record.
            </summary>
            <remarks>
            </remarks>
            <param name="entity"></param>
            <returns>A newly created object</returns>
            <response code="201">Returns the newly created entity</response>
            <response code="400">If the entity is null</response>
        </member>
        <member name="M:VPBANK.RMD.API.Internal.IFRS9.Controllers.Conf.Wfs.TaskController.Update(System.Int32,VPBANK.RMD.Data.IFRS9_Conf.Entities.WF.Task)">
            <summary>
            Update exists record.
            </summary>
            <remarks></remarks>
            <param name="pk_Id"></param>
            <param name="entity"></param>
            <returns>A newly updated object</returns>
            <response code="200">Returns OK</response>
            <response code="400">If the item is null</response>
            <response code="404">The item is not found</response>
        </member>
        <member name="M:VPBANK.RMD.API.Internal.IFRS9.Controllers.Conf.Wfs.TaskController.Delete(System.Int32)">
            <summary>
            Delete task, update is_deleted = true
            </summary>
            <param name="pk_Id"></param>
            <returns></returns>
        </member>
        <member name="M:VPBANK.RMD.API.Internal.IFRS9.Controllers.Conf.Wfs.TaskController.Validate(VPBANK.RMD.Data.IFRS9_Conf.Entities.WF.TaskRequestable)">
            <summary>
            Validate for entity.
            </summary>
            <param name="entity"></param>
            <returns></returns>
        </member>
        <member name="M:VPBANK.RMD.API.Internal.IFRS9.Controllers.Conf.Wfs.ViewTaskMonitoringController.FindByTaskExecutionId(System.Int32)">
            <summary>
            Get task monitoring object by task_execution_id
            </summary>
            <param name="fk_Task_Execution_Id"></param>
            <returns>ViewTaskMonitoring object</returns>
        </member>
        <member name="M:VPBANK.RMD.API.Internal.IFRS9.Controllers.Conf.Wfs.ViewTaskMonitoringController.Query(VPBANK.RMD.Utils.Common.Helpers.Paging.PaginatedInputModel)">
            <summary>
            Post list all records with filter, sort, paging.
            </summary>
            <param name="paginatedParams"></param>
            <returns>Paginated dynamic</returns>
        </member>
        <member name="M:VPBANK.RMD.API.Internal.IFRS9.Controllers.Conf.Wfs.WfUiController.GetConfStatusDropdown(System.String)">
            <summary>
            Get status dropdown for Flow, Task, Job
            </summary>
            <param name="type">FLOW, TASK, JOB</param>
            <returns></returns>
        </member>
        <member name="M:VPBANK.RMD.API.Internal.IFRS9.Controllers.Conf.Wfs.WfUiController.GuiConfFlowStatus">
            <summary>
            Get status dropdown for Flow
            </summary>
            <returns></returns>
        </member>
        <member name="M:VPBANK.RMD.API.Internal.IFRS9.Controllers.Conf.Wfs.WfUiController.GuiConfTaskStatus">
            <summary>
            Get status dropdown for Task
            </summary>
            <returns></returns>
        </member>
        <member name="M:VPBANK.RMD.API.Internal.IFRS9.Controllers.Conf.Wfs.WfUiController.GuiConfJobStatus">
            <summary>
            Get status dropdown for Job
            </summary>
            <returns></returns>
        </member>
        <member name="M:VPBANK.RMD.API.Internal.IFRS9.Controllers.Conf.Wfs.WfUiController.GetConfReqStatusDropdown(System.String,System.Boolean)">
            <summary>
            Get status dropdown for Request
            </summary>
            <param name="type">REQUEST</param>
            <param name="isApprove">REQUEST</param>
            <returns></returns>
        </member>
        <member name="M:VPBANK.RMD.API.Internal.IFRS9.Controllers.Conf.Wfs.WfUiController.GuiCashflowListFlag">
            <summary>
            Get gui list flag for cashflow
            </summary>
            <returns></returns>
        </member>
        <member name="M:VPBANK.RMD.API.Internal.IFRS9.Controllers.Conf.Wfs.WfUiController.GuiIllpCustomerActionFlag">
            <summary>
            Get gui action flag for ILLP customer list
            </summary>
            <returns></returns>
        </member>
        <member name="M:VPBANK.RMD.API.Internal.IFRS9.Controllers.Data.Core.ILLPAdjustController.FindAllILLPsByBusinessDate(System.Int32,VPBANK.RMD.Utils.Common.Helpers.Paging.PaginatedInputModel)">
            <summary>
            Find all ILLPs results by Fk_Task_Execution_Id
            </summary>
            <param name="fk_Task_Execution_Id"></param>
            <param name="paginatedParams"></param>
            <returns></returns>
        </member>
        <member name="M:VPBANK.RMD.API.Internal.IFRS9.Controllers.Data.Core.ILLPAdjustController.FindByCustomerId(System.String)">
            <summary>
            Find customer by customer_id
            </summary>
            <param name="customer_Id"></param>
            <returns></returns>
        </member>
        <member name="M:VPBANK.RMD.API.Internal.IFRS9.Controllers.Data.Core.ILLPAdjustController.FindCustomerForAddOrRemoveCustomerList(System.Int32,System.String)">
            <summary>
            Find customer_name by customer_id for add/remove in ILLP customer_list (Callback)
            </summary>
            <param name="fk_Task_Execution_Id"></param>
            <param name="customer_Id"></param>
            <returns></returns>
        </member>
        <member name="M:VPBANK.RMD.API.Internal.IFRS9.Controllers.Data.Core.ILLPAdjustController.Add(VPBANK.RMD.EFCore.Entities.Commons.IfrsDataReq{VPBANK.RMD.Data.IFRS9_Data.Entities.POCOs.Core.ILLPAdjust})">
            <summary>
            Create new for add customer ILLP.
            </summary>
            <remarks>
            </remarks>
            <param name="req"></param>
            <returns>A newly created for add customer_id</returns>
        </member>
        <member name="M:VPBANK.RMD.API.Internal.IFRS9.Controllers.Data.Core.ILLPAdjustController.Del(VPBANK.RMD.EFCore.Entities.Commons.IfrsDataReq{VPBANK.RMD.Data.IFRS9_Data.Entities.POCOs.Core.ILLPAdjust})">
            <summary>
            Create new for delete customer ILLP.
            </summary>
            <remarks>
            </remarks>
            <param name="req"></param>
            <returns>A newly created for delete customer_id</returns>
        </member>
        <member name="M:VPBANK.RMD.API.Internal.IFRS9.Controllers.Data.Core.ILLPAdjustController.Apr(VPBANK.RMD.EFCore.Entities.Commons.IfrsDataApr)">
            <summary>
            Approve/Reject existed request.
            Approve (Request_action = 7)
            Reject (Request_action = 9)
            </summary>
            <remarks>
            </remarks>
            <param name="req"></param>
            <returns>A newly approved/rejected request</returns>
        </member>
        <member name="M:VPBANK.RMD.API.Internal.IFRS9.Controllers.Data.Core.ILLPAdjustController.Validate(System.Int32)">
            <summary>
            Validate
            </summary>
            <param name="fk_Task_Execution_Id"></param>
            <returns></returns>
        </member>
        <member name="M:VPBANK.RMD.API.Internal.IFRS9.Controllers.Data.Core.ILLPAdjustController.IllpConsolidateAdjust(System.Int32,VPBANK.RMD.Services.IFRS9_Conf.DataTransferObjects.Wfs.ConsolidateAdjustDto)">
            <summary>
            Consolidate Adjust for add customer ILLP list.
            </summary>
            <remarks>
            </remarks>
            <param name="fk_Task_Execution_Id"></param>
            <param name="consolidateAdjust"></param>
            <returns></returns>
        </member>
        <member name="M:VPBANK.RMD.API.Internal.IFRS9.Controllers.Data.Core.ILLPCashflowAdjustController.FindCustomerInfo(System.String)">
            <summary>
            Get customer_info from Cust_data
            </summary>
            <param name="customer_Id"></param>
            <returns></returns>
        </member>
        <member name="M:VPBANK.RMD.API.Internal.IFRS9.Controllers.Data.Core.ILLPCashflowAdjustController.FindAllCashflowsByBusinessDate(System.Int32,VPBANK.RMD.Utils.Common.Helpers.Paging.PaginatedInputModel)">
            <summary>
            Post list all ILLP Cashflows records with filter, sort, paging.
            </summary>
            <param name="fk_Task_Execution_Id"></param>
            <param name="paginatedParams"></param>
            <returns>Paginated dynamic</returns>
        </member>
        <member name="M:VPBANK.RMD.API.Internal.IFRS9.Controllers.Data.Core.ILLPCashflowAdjustController.CheckPLLPCustomerByFilename(VPBANK.RMD.Services.IFRS9_Conf.DataTransferObjects.Wfs.CashflowAdjustFileDto)">
            <summary>
            Check result PLLP by customer_id, business_date (th by filename when upload)
            </summary>
            <param name="cashflowAdjustFile"></param>
            <returns></returns>
        </member>
        <member name="M:VPBANK.RMD.API.Internal.IFRS9.Controllers.Data.Core.ILLPCashflowAdjustController.Import(System.Int32,System.Collections.Generic.List{VPBANK.RMD.Utils.Common.Datas.FileUploadReq})">
            <summary>
            Read data file import and save to adjust tables
            </summary>
            <param name="fk_Task_Execution_Id"></param>
            <param name="fileUploads">List file upload</param>
            <returns></returns>
            <response code="201">Returns OK</response>
        </member>
        <member name="M:VPBANK.RMD.API.Internal.IFRS9.Controllers.Data.Core.ILLPCashflowAdjustController.ImportFile(System.Int32,System.String,System.Byte[])">
            <summary>
            Data file import by binary Excel(.xlsx, .xls)
            </summary>
            <param name="fk_Task_Execution_Id"></param>
            <param name="customer_Id"></param>
            <param name="fileContent">file input: excel stream</param>
            <returns></returns>
        </member>
        <member name="M:VPBANK.RMD.API.Internal.IFRS9.Controllers.Data.Core.ILLPCashflowAdjustController.DownloadFileLastest(System.Int32,System.String)">
            <summary>
            Download lastest Excel file import(.xlsx, .xls)
            </summary>
            <param name="fk_Task_Execution_Id"></param>
            <param name="customer_Id"></param>
            <returns></returns>
        </member>
        <member name="M:VPBANK.RMD.API.Internal.IFRS9.Controllers.Data.Core.ILLPCashflowAdjustController.DownloadContractualCashflow(System.Int32,System.String)">
            <summary>
            Download file Contractual Cashflow by Excel(.xlsx, .xls)
            </summary>
            <param name="fk_Task_Execution_Id"></param>
            <param name="customer_Id"></param>
            <returns></returns>
        </member>
        <!-- Badly formed XML comment ignored for member "M:VPBANK.RMD.API.Internal.IFRS9.Controllers.Data.Core.ILLPCashflowAdjustController.Validate(System.Int32)" -->
        <member name="M:VPBANK.RMD.API.Internal.IFRS9.Controllers.Data.Core.StagingAdjustController.FindAllStagingByCustomerId(VPBANK.RMD.Services.IFRS9_Data.DataTransferObjects.StagingResultDto)">
            <summary>
            Find all Staging by customer_id, business_date
            </summary>
            <param name="dataStagingDto"></param>
            <returns></returns>
        </member>
        <member name="M:VPBANK.RMD.API.Internal.IFRS9.Controllers.Data.Core.StagingAdjustController.Req(VPBANK.RMD.EFCore.Entities.Commons.IfrsDataReq{VPBANK.RMD.Data.IFRS9_Data.Entities.POCOs.Core.StagingAdjust})">
            <summary>
            Create new or update request.
            Send request (Request_action = 6)
            </summary>
            <remarks>
            </remarks>
            <param name="req"></param>
            <returns>A newly created or updated request</returns>
        </member>
        <member name="M:VPBANK.RMD.API.Internal.IFRS9.Controllers.Data.Core.StagingAdjustController.Apr(VPBANK.RMD.EFCore.Entities.Commons.IfrsDataApr)">
            <summary>
            Approve/Reject existed request.
            Approve (Request_action = 7)
            Reject (Request_action = 9)
            </summary>
            <remarks>
            </remarks>
            <param name="req"></param>
            <returns>A newly approved/rejected request</returns>
        </member>
        <member name="M:VPBANK.RMD.API.Internal.IFRS9.Controllers.Data.Core.StagingAdjustController.Validate(System.Int32)">
            <summary>
            Validate
            </summary>
            <param name="fk_Task_Execution_Id"></param>
            <returns></returns>
        </member>
    </members>
</doc>
