<?xml version="1.0"?>
<doc>
    <assembly>
        <name>VPBANK.RMD.API.Internal</name>
    </assembly>
    <members>
        <member name="M:VPBANK.RMD.API.Internal.Controllers.Collection.CollectionDeadLoanController.ValidateExcelFile(System.Byte[])">
            <summary>
            Valid data file import by Excel(.xlsx, .xls)
            </summary>
            <param name="file">file input: excel stream</param>
            <returns>
            If file error return: Row error and error message by row
            If file not error return: string empty
            </returns>
        </member>
        <member name="M:VPBANK.RMD.API.Internal.Controllers.Collection.CollectionDeadLoanController.ValidateDatFile(System.Byte[])">
            <summary>
            Valid data file import by dat file(.dat)
            </summary>
            <param name="file">file input: dat file by stream</param>
            <returns>
            If file error return: Row error and error message by row
            If file not error return: string empty
            </returns>
        </member>
        <member name="M:VPBANK.RMD.API.Internal.Controllers.Collection.CollectionDeadLoanController.ValidateFileImport(VPBANK.RMD.Utils.Common.Datas.FileUploadReq)">
            <summary>
            Valid file import by FTP upload (File excel)
            </summary>
            <param name="fileUpload">Object file send request</param>
            <returns>
            If data file error return: The file contains the error message in the first column of the file
            </returns>
        </member>
        <member name="M:VPBANK.RMD.API.Internal.Controllers.Collection.CollectionDeadLoanController.ValidateDataFileImport(VPBANK.RMD.Utils.Common.Datas.FileUploadReq)">
            <summary>
            Valid data file import by FTP upload (File excel)
            </summary>
            <param name="fileUpload">Object file send request</param>
            <returns>
            If data error return: Row error and error message by row
            </returns>
        </member>
        <member name="M:VPBANK.RMD.API.Internal.Controllers.Collection.CollectionDeadLoanController.DataImport(System.Collections.Generic.List{VPBANK.RMD.Utils.Common.Datas.FileUploadReq})">
            <summary>
            Read data file import and save to DB
            </summary>
            <param name="fileUploads">List file upload</param>
            <returns></returns>
            <response code="201">Returns OK</response>
        </member>
        <member name="M:VPBANK.RMD.API.Internal.Controllers.Collection.CollectionDpdManualController.ValidateDatFile(System.Byte[])">
            <summary>
            Valid data file import by dat file(.dat)
            </summary>
            <param name="file">file input: dat file by stream</param>
            <returns>
            If file error return: Row error and error message by row
            If file not error return: string empty
            </returns>
        </member>
        <member name="M:VPBANK.RMD.API.Internal.Controllers.Collection.CollectionOutsourceEmailController.Create(VPBANK.RMD.Data.Collection.Views.ViewCollectionEmailDto)">
            <summary>
            Create new record.
            </summary>
            <remarks>
            </remarks>
            <param name="entity"></param>
            <returns>A newly created object</returns>
            <response code="201">Returns the newly created entity</response>
            <response code="400">If the entity is null</response>
        </member>
        <member name="M:VPBANK.RMD.API.Internal.Controllers.Collection.CollectionOutsourceEmailController.Update(System.Int32,VPBANK.RMD.Data.Collection.Views.ViewCollectionEmailDto)">
            <summary>
            Update exists record.
            </summary>
            <remarks></remarks>
            <param name="pk_Id"></param>
            <param name="entity"></param>
            <returns>A newly updated object</returns>
            <response code="200">Returns OK</response>
            <response code="400">If the item is null</response>
            <response code="404">The item is not found</response>
        </member>
        <member name="M:VPBANK.RMD.API.Internal.Controllers.Collection.CollectionOutsourceEmailController.Delete(System.Int32)">
            <summary>
            Delete record.
            </summary>
            <param name="pk_Id"></param>
            <returns></returns>
        </member>
        <member name="M:VPBANK.RMD.API.Internal.Controllers.Collection.CollectionOutsourceEmailController.Req(VPBANK.RMD.EFCore.Entities.Commons.DataReq{VPBANK.RMD.Data.Collection.Views.ViewCollectionEmailDto})">
            <summary>
            Create new or update request.
            </summary>
            <remarks>
            </remarks>
            <param name="req"></param>
            <returns>A newly created or updated request</returns>
        </member>
        <member name="M:VPBANK.RMD.API.Internal.Controllers.Collection.CollectionOutsourceEmailController.Apr(System.Int32,VPBANK.RMD.Utils.Common.Datas.ApproveStatusReq)">
            <summary>
            Approve existed request.
            </summary>
            <remarks>
            </remarks>
            <param name="reqId"></param>
            <param name="approveStatusReq"></param>
            <returns>A newly approved request</returns>
        </member>
        <member name="M:VPBANK.RMD.API.Internal.Controllers.Collection.CollectionOutsourceEmailController.Validate(VPBANK.RMD.Data.Collection.Views.ViewCollectionEmailDto)">
            <summary>
            Validate for entity.
            </summary>
            <param name="entity"></param>
            <returns></returns>
        </member>
        <member name="M:VPBANK.RMD.API.Internal.Controllers.Collection.CollectionRepayAdjController.ValidateDatFile(System.Byte[])">
            <summary>
            Valid data file import by dat file(.dat)
            </summary>
            <param name="file">file input: dat file by stream</param>
            <returns>
            If file error return: Row error and error message by row
            If file not error return: string empty
            </returns>
        </member>
        <member name="M:VPBANK.RMD.API.Internal.Controllers.Collection.CollectionReportController.GetCollectionRepayReport(VPBANK.RMD.Services.Collection.DataTransferObjects.Reports.CollectionRepayReportReq)">
            <summary>
            List all records Collection Repay Report by param filter.
            </summary>
            <param name="paramReq"></param>
            <returns>IEnumerable</returns>
        </member>
        <member name="M:VPBANK.RMD.API.Internal.Controllers.Collection.CollectionReportController.GetCollectionNewbookReport(VPBANK.RMD.Services.Collection.DataTransferObjects.Reports.CollectionNewbookReportReq)">
            <summary>
            List all records Collection New Book by param filter.
            </summary>
            <param name="paramReq"></param>
            <returns>IEnumerable</returns>
        </member>
        <member name="M:VPBANK.RMD.API.Internal.Controllers.Collection.CollectionSellLoanController.ValidateExcelFile(System.Byte[])">
            <summary>
            Valid data file import by Excel(.xlsx, .xls)
            </summary>
            <param name="file">file input: excel stream</param>
            <returns>
            If file error return: Row error and error message by row
            If file not error return: string empty
            </returns>
        </member>
        <member name="M:VPBANK.RMD.API.Internal.Controllers.Collection.CollectionSellLoanController.ValidateDatFile(System.Byte[])">
            <summary>
            Valid data file import by dat file(.dat)
            </summary>
            <param name="file">file input: dat file by stream</param>
            <returns>
            If file error return: Row error and error message by row
            If file not error return: string empty
            </returns>
        </member>
        <member name="M:VPBANK.RMD.API.Internal.Controllers.Collection.CollectionSellLoanController.ValidateFileImport(VPBANK.RMD.Utils.Common.Datas.FileUploadReq)">
            <summary>
            Valid file import by FTP upload (File excel)
            </summary>
            <param name="fileUpload">Object file send request</param>
            <returns>
            If data file error return: The file contains the error message in the first column of the file
            </returns>
        </member>
        <member name="M:VPBANK.RMD.API.Internal.Controllers.Collection.CollectionSellLoanController.ValidateDataFileImport(VPBANK.RMD.Utils.Common.Datas.FileUploadReq)">
            <summary>
            Valid data file import by FTP upload (File excel)
            </summary>
            <param name="fileUpload">Object file send request</param>
            <returns>
            If data error return: Row error and error message by row
            </returns>
        </member>
        <member name="M:VPBANK.RMD.API.Internal.Controllers.Collection.CollectionSellLoanController.DataImport(System.Collections.Generic.List{VPBANK.RMD.Utils.Common.Datas.FileUploadReq})">
            <summary>
            Read data file import and save to DB
            </summary>
            <param name="fileUploads">List file upload</param>
            <returns></returns>
            <response code="201">Returns OK</response>
        </member>
        <member name="M:VPBANK.RMD.API.Internal.Controllers.Collection.ConCollectionListController.ValidateExcelFile(System.Byte[])">
            <summary>
            Valid data file import by Excel(.xlsx, .xls)
            </summary>
            <param name="file">file input: excel stream</param>
            <returns>
            If file error return: Row error and error message by row
            If file not error return: string empty
            </returns>
        </member>
        <member name="M:VPBANK.RMD.API.Internal.Controllers.Collection.ConCollectionListController.ValidateDatFile(System.Byte[])">
            <summary>
            Valid data file import by dat file(.dat)
            </summary>
            <param name="file">file input: dat file by stream</param>
            <returns>
            If file error return: Row error and error message by row
            If file not error return: string empty
            </returns>
        </member>
        <member name="M:VPBANK.RMD.API.Internal.Controllers.Collection.ConCollectionListController.ValidateFileImport(VPBANK.RMD.Utils.Common.Datas.FileUploadReq)">
            <summary>
            Valid file import by FTP upload (File excel)
            </summary>
            <param name="fileUpload">Object file send request</param>
            <returns>
            If data file error return: The file contains the error message in the first column of the file
            </returns>
        </member>
        <member name="M:VPBANK.RMD.API.Internal.Controllers.Collection.ConCollectionListController.ValidateDataFileImport(VPBANK.RMD.Utils.Common.Datas.FileUploadReq)">
            <summary>
            Valid data file import by FTP upload (File excel)
            </summary>
            <param name="fileUpload">Object file send request</param>
            <returns>
            If data error return: Row error and error message by row
            </returns>
        </member>
        <member name="M:VPBANK.RMD.API.Internal.Controllers.Collection.ConCollectionListController.DataImport(System.Collections.Generic.List{VPBANK.RMD.Utils.Common.Datas.FileUploadReq})">
            <summary>
            Read data file import and save to DB
            </summary>
            <param name="fileUploads">List file upload</param>
            <returns></returns>
            <response code="201">Returns OK</response>
        </member>
        <member name="M:VPBANK.RMD.API.Internal.Controllers.Collection.ConfCollectionFeeRatioController.Validate(VPBANK.RMD.Data.Collection.Entities.POCOs.ConfCollectionFeeRatioRequestable)">
            <summary>
            Validate data input by add, edit
            </summary>
            <param name="entity"></param>
            <returns>List error: field, error message</returns>
        </member>
        <member name="M:VPBANK.RMD.API.Internal.Controllers.Collection.ConfRotationBookScheduleController.Validate(VPBANK.RMD.Data.Collection.Entities.POCOs.ConfRotationBookScheduleRequestable)">
            <summary>
            Validate data input by add, edit
            </summary>
            <param name="entity"></param>
            <returns>List error: field, error message</returns>
        </member>
        <member name="M:VPBANK.RMD.API.Internal.Controllers.Collection.ConfTargetRecoveryAmountController.Validate(VPBANK.RMD.Data.Collection.Entities.POCOs.ConfTargetRecoveryAmountRequestable)">
            <summary>
            Validate data input by add, edit
            </summary>
            <param name="entity"></param>
            <returns>List error: field, error message</returns>
        </member>
        <member name="M:VPBANK.RMD.API.Internal.Controllers.Collection.EmailNotiController.CollectionSend(VPBANK.RMD.Services.PhoenixConf.Email.CollectionSendEmailReq)">
            <summary>
            Collection send email.
            </summary>
            <remarks>
            </remarks>
            <param name="reqEmail"></param>
        </member>
        <member name="M:VPBANK.RMD.API.Internal.Controllers.Collection.LuCampaignController.GuiLuCampaigns(System.Nullable{System.Boolean})">
            <summary>
            List all record by combobox
            </summary>
            <param name="hasAll">
            True: Add item selected all
            False: Not add item select all
            </param>
            <returns>IEnumerable</returns>
        </member>
        <member name="M:VPBANK.RMD.API.Internal.Controllers.Collection.LuCampaignController.Validate(VPBANK.RMD.Data.Collection.Entities.POCOs.LuCampaignRequestable)">
            <summary>
            Validate data input by add, edit
            </summary>
            <param name="entity"></param>
            <returns>List error: field, error message</returns>
        </member>
        <member name="M:VPBANK.RMD.API.Internal.Controllers.Collection.LuDaysPastDueController.GuiLuDaysPastDue(System.Nullable{System.Boolean})">
            <summary>
            List all record by combobox
            </summary>
            <param name="hasAll">
            True: Add item selected all
            False: Not add item select all
            </param>
            <returns>IEnumerable</returns>
        </member>
        <member name="M:VPBANK.RMD.API.Internal.Controllers.Collection.LuDaysPastDueController.Validate(VPBANK.RMD.Data.Collection.Entities.POCOs.LuDaysPastDueRequestable)">
            <summary>
            Validate data input by add, edit
            </summary>
            <param name="entity"></param>
            <returns>List error: field, error message</returns>
        </member>
        <member name="M:VPBANK.RMD.API.Internal.Controllers.Collection.LuDaysPastDueController.ValidateDelete(VPBANK.RMD.Data.Collection.Entities.POCOs.LuDaysPastDueRequestable)">
            <summary>
            Validate data by Delete
            </summary>
            <param name="entity"></param>
            <returns>List error: field, error message</returns>
        </member>
        <member name="M:VPBANK.RMD.API.Internal.Controllers.Collection.MpCollectionCampaignController.ValidateDatFile(System.Byte[])">
            <summary>
            Valid data file import by dat file(.dat)
            </summary>
            <param name="file">file input: dat file by stream</param>
            <returns>
            If file error return: Row error and error message by row
            If file not error return: string empty
            </returns>
        </member>
        <member name="M:VPBANK.RMD.API.Internal.Controllers.Collection.OsCompanyController.GuilComboBox(System.Nullable{System.Boolean})">
            <summary>
            List all record by combobox
            </summary>
            <param name="hasAll">
            True: Add item selected all
            False: Not add item select all
            </param>
            <returns>IEnumerable</returns>
        </member>
        <member name="M:VPBANK.RMD.API.Internal.Controllers.Collection.OsCompanyController.FindByOsCompanyCode(VPBANK.RMD.Data.Collection.Entities.POCOs.OsCompanyRequestable)">
            <summary>
            Find data by os company code
            </summary>
            <param name="entity"></param>
            <returns></returns>
        </member>
        <member name="M:VPBANK.RMD.API.Internal.Controllers.Collection.OsCompanyController.Validate(VPBANK.RMD.Data.Collection.Entities.POCOs.OsCompanyRequestable)">
            <summary>
            Validate data input by add, edit
            </summary>
            <param name="entity"></param>
            <returns>List error: field, error message</returns>
        </member>
        <member name="M:VPBANK.RMD.API.Internal.Controllers.Collection.SegmentController.GuiSegments(System.Nullable{System.Boolean})">
            <summary>
            List all record by combobox
            </summary>
            <param name="hasAll">
            True: Add item selected all
            False: Not add item select all
            </param>
            <returns>IEnumerable</returns>
        </member>
        <member name="M:VPBANK.RMD.API.Internal.Controllers.PhoenixConf.App.EmailTemptController.FindByGroupCode(System.String)">
            <summary>
            Find content email by group code
            </summary>
            <param name="groupCode"></param>
            <returns></returns>
        </member>
        <member name="M:VPBANK.RMD.API.Internal.Controllers.PhoenixConf.App.EmailTemptController.FindContentEmail(System.Int32)">
            <summary>
            Find content email by name
            </summary>
            <param name="emailTemptId"></param>
            <returns></returns>
        </member>
        <member name="M:VPBANK.RMD.API.Internal.Controllers.PhoenixConf.App.EmailTemptController.Validate(VPBANK.RMD.Data.PhoenixConf.Entities.POCOs.App.EmailTemptRequestable)">
            <summary>
            Validate
            </summary>
            <param name="entity"></param>
            <returns></returns>
        </member>
        <member name="M:VPBANK.RMD.API.Internal.Controllers.PhoenixConf.App.FileUploadController.SendReq(VPBANK.RMD.EFCore.Entities.Commons.DataReq{VPBANK.RMD.Utils.Common.Datas.FileUploadReq})">
            <summary>
            Create new or updated request for upload files.
            </summary>
            <remarks>
            </remarks>
            <param name="fileUpload"></param>
            <returns>A newly created or updated request upload files</returns>
        </member>
        <member name="M:VPBANK.RMD.API.Internal.Controllers.PhoenixConf.App.FileUploadController.UpdReq(System.Int32,VPBANK.RMD.EFCore.Entities.Commons.DataReq{VPBANK.RMD.Utils.Common.Datas.FileUploadReq})">
            <summary>
            Update existing request for upload files.
            Update PAYLOAD for request object from API 1
            </summary>
            <remarks>
            </remarks>
            <param name="reqId"></param>
            <param name="fileUpload"></param>
            <returns>A newly created request upload files</returns>
        </member>
        <member name="M:VPBANK.RMD.API.Internal.Controllers.PhoenixConf.App.FileUploadController.AprReq(System.Int32,VPBANK.RMD.Utils.Common.Datas.ApproveStatusReq)">
            <summary>
            Approve existing files upload request.
            Transfer file using FTP service
            </summary>
            <remarks>
            </remarks>
            <param name="reqId"></param>
            <param name="approveStatusReq"></param>
            <returns>A newly approve request upload files</returns>
        </member>
        <member name="M:VPBANK.RMD.API.Internal.Controllers.PhoenixConf.Bcl.ConfGloEngineController.FindByParamVal(System.String)">
            <summary>
            Get all data by param val.
            </summary>
            <remarks>
            Get all data by param val.
            </remarks>
            <param name="paramVal"></param>
            <returns></returns>
        </member>
        <member name="M:VPBANK.RMD.API.Internal.Controllers.PhoenixConf.Bcl.ConfGloMpSwiftCodeController.Validate(VPBANK.RMD.Data.PhoenixConf.Entities.POCOs.Bcl.ConfGloMpSwiftCodeRequestable)">
            <summary>
            Validate data input by add, edit
            </summary>
            <param name="entity"></param>
            <returns>List error: field, error message</returns>
        </member>
        <member name="M:VPBANK.RMD.API.Internal.Controllers.PhoenixConf.Tech.ConfFilCeController.FindByTable(System.String)">
            <summary>
            Get all data by table name.
            </summary>
            <remarks>
            Here is a sample overight method generic controller.
            </remarks>
            <param name="table"></param>
            <returns></returns>
        </member>
        <member name="M:VPBANK.RMD.API.Internal.Controllers.PhoenixConf.WebCore.ConfTableMappingController.QueryConfMapping(VPBANK.RMD.Utils.Common.Helpers.Paging.PaginatedInputModel,System.String)">
            <summary>
            Get all conf tables by engine core.
            </summary>
            <param name="paginatedParams"></param>
            <param name="engineCode"></param>
            <returns></returns>
        </member>
    </members>
</doc>
