<?xml version="1.0"?>
<doc>
    <assembly>
        <name>VPBANK.RMD.API.Auth</name>
    </assembly>
    <members>
        <member name="M:VPBANK.RMD.API.Auth.Controllers.AuthController.Token(VPBANK.RMD.Services.Auth.DataTransferObjects.UserAuthDto)">
            <summary>
            Build token when login
            </summary>
            <param name="model"></param>
            <returns></returns>
        </member>
        <member name="M:VPBANK.RMD.API.Auth.Controllers.AuthController.RefreshToken">
            <summary>
            Refresh token if expiry
            </summary>
            <returns></returns>
        </member>
        <member name="M:VPBANK.RMD.API.Auth.Controllers.AuthController.RevokeToken(VPBANK.RMD.Services.Auth.DataTransferObjects.RevokeTokenDto)">
            <summary>
            Revoke token when refresh
            </summary>
            <param name="model"></param>
            <returns></returns>
        </member>
        <member name="M:VPBANK.RMD.API.Auth.Controllers.RoleController.GuiDataRoles">
            <summary>
            Get all data roles
            </summary>
            <returns>List selected items (SelectedItem)</returns>
        </member>
        <member name="M:VPBANK.RMD.API.Auth.Controllers.RoleController.SaveUserRoles(VPBANK.RMD.Services.Auth.DataTransferObjects.UserRoleMappingDto)">
            <summary>
            Save user with data role, func role, component role
            </summary>
            <param name="entity"></param>
            <returns>object UserRoleMappingDto</returns>
        </member>
        <member name="M:VPBANK.RMD.API.Auth.Controllers.RoleController.DeleteUserRoles(VPBANK.RMD.Services.Auth.DataTransferObjects.UserAuthDto)">
            <summary>
            Delete all roles by username
            </summary>
            <param name="entity"></param>
            <returns></returns>
        </member>
        <member name="M:VPBANK.RMD.API.Auth.Controllers.RoleController.DeleteFuncRole(System.String)">
            <summary>
            Delete func role by username
            </summary>
            <param name="funcRole"></param>
            <returns></returns>
        </member>
        <member name="M:VPBANK.RMD.API.Auth.Controllers.RoleController.DeleteCompRole(System.String)">
            <summary>
            Delete component role (set IsDeleted = true)
            </summary>
            <param name="compRole"></param>
            <returns></returns>
        </member>
        <member name="M:VPBANK.RMD.API.Auth.Controllers.RoleController.Query(VPBANK.RMD.Utils.Common.Helpers.Paging.PaginatedInputModel)">
            <summary>
            Post list all records with filter, sort, paging.
            </summary>
            <param name="paginatedParams"></param>
            <returns>Paginated dynamic</returns>
        </member>
        <member name="M:VPBANK.RMD.API.Auth.Controllers.UserController.Create(VPBANK.RMD.Data.Auth.Entities.POCOs.User)">
            <summary>
            Create new record.
            </summary>
            <remarks>
            </remarks>
            <param name="entity"></param>
            <returns>A newly created object</returns>
            <response code="201">Returns the newly created entity</response>
            <response code="400">If the entity is null</response>
        </member>
        <member name="M:VPBANK.RMD.API.Auth.Controllers.UserController.Update(System.Int32,VPBANK.RMD.Data.Auth.Entities.POCOs.User)">
            <summary>
            Update exists record.
            </summary>
            <remarks></remarks>
            <param name="id"></param>
            <param name="entity"></param>
            <returns>A newly updated object</returns>
            <response code="200">Returns OK</response>
            <response code="400">If the item is null</response>
            <response code="404">The item is not found</response>
        </member>
        <member name="M:VPBANK.RMD.API.Auth.Controllers.UserController.Delete(System.Int32)">
            <summary>
            Delete record.
            </summary>
            <param name="id"></param>
            <returns></returns>
        </member>
        <member name="M:VPBANK.RMD.API.Auth.Controllers.UserController.FindById(System.Int32)">
            <summary>
            Find object by key.
            </summary>
            <param name="id"></param>
            <returns>Object</returns>
        </member>
        <member name="M:VPBANK.RMD.API.Auth.Controllers.UserController.FindByUsername(System.String)">
            <summary>
            Find User by username
            </summary>
            <param name="username"></param>
            <returns></returns>
        </member>
        <member name="M:VPBANK.RMD.API.Auth.Controllers.UserController.FindByUsername(VPBANK.RMD.Services.Auth.DataTransferObjects.UserAuthDto)">
            <summary>
            Find User by username (object)
            </summary>
            <param name="userAuthDto"></param>
            <returns></returns>
        </member>
        <member name="M:VPBANK.RMD.API.Auth.Controllers.UserController.FindBySupperAdmin">
            <summary>
            Find all username is supper administrator
            </summary>
            <returns></returns>
        </member>
        <member name="M:VPBANK.RMD.API.Auth.Controllers.UserController.FindEmailsByUsernames(System.Collections.Generic.List{System.String})">
            <summary>
            Find all emails by all username
            </summary>
            <param name="usernames"></param>
            <returns></returns>
        </member>
        <member name="M:VPBANK.RMD.API.Auth.Controllers.UserController.FindEmailsActiveByUsernames">
            <summary>
            Find all emails of users active by all username
            </summary>
            <returns></returns>
        </member>
        <member name="M:VPBANK.RMD.API.Auth.Controllers.UserController.FindByUserNonRole">
            <summary>
            Get all usernames not be grant roles (selected_item)
            </summary>
            <returns></returns>
        </member>
        <member name="M:VPBANK.RMD.API.Auth.Controllers.UserController.FindUsernames">
            <summary>
            Find all usernames for selected_item
            </summary>
            <returns></returns>
        </member>
        <member name="M:VPBANK.RMD.API.Auth.Controllers.UserController.Query(VPBANK.RMD.Utils.Common.Helpers.Paging.PaginatedInputModel)">
            <summary>
            Post list all records with filter, sort, paging.
            Get by permission by user
            </summary>
            <param name="paginatedParams"></param>
            <returns>Paginated dynamic</returns>
        </member>
    </members>
</doc>
